ip,country,region,city,loc,org,asn,as_name,hostname
104.18.32.7,United States,,,,,AS13335,"Cloudflare, Inc.",
128.122.254.245,United States,,,,,AS12,New York University,
128.122.254.253,United States,,,,,AS12,New York University,
140.82.112.3,United States,,,,,AS36459,"GitHub, Inc.",
142.251.40.206,United States,,,,,AS15169,Google LLC,
142.251.66.217,United States,,,,,AS15169,Google LLC,
151.101.193.140,United States,,,,,AS54113,"Fastly, Inc.",
155.46.172.255,United States,,,,,AS4583,West Publishing Corporation,
162.158.61.139,United States,,,,,AS13335,"Cloudflare, Inc.",
192.76.177.66,United States,,,,,AS12,New York University,
195.219.213.128,United Kingdom,,,,,AS6453,TATA COMMUNICATIONS (AMERICA) INC,
195.219.220.129,Germany,,,,,AS6453,TATA COMMUNICATIONS (AMERICA) INC,
199.109.105.5,United States,,,,,N/A,N/A,
199.109.107.202,United States,,,,,N/A,N/A,
199.109.114.18,United States,,,,,N/A,N/A,
200.12.19.11,Chile,,,,,AS6429,Telmex Chile Internet S.A.,
200.14.212.63,Chile,,,,,AS6429,Telmex Chile Internet S.A.,
200.27.175.246,Chile,,,,,AS6429,Telmex Chile Internet S.A.,
209.216.230.207,United States,,,,,AS21581,M5 Computer Security,
216.239.40.167,United States,,,,,AS15169,Google LLC,
23.206.172.30,United States,,,,,AS20940,Akamai International B.V.,
23.49.110.95,Sweden,,,,,AS16625,"Akamai Technologies, Inc.",
4.16.105.98,United States,,,,,AS3356,"Level 3 Parent, LLC",
4.30.178.54,United States,,,,,AS3356,"Level 3 Parent, LLC",
4.30.244.201,United States,,,,,AS3356,"Level 3 Parent, LLC",
4.35.90.14,United States,,,,,AS3356,"Level 3 Parent, LLC",
4.4.254.226,United States,,,,,AS3356,"Level 3 Parent, LLC",
4.68.39.50,United States,,,,,AS3356,"Level 3 Parent, LLC",
4.69.146.65,United States,,,,,AS3356,"Level 3 Parent, LLC",
4.69.208.174,United States,,,,,AS3356,"Level 3 Parent, LLC",
4.69.218.186,United States,,,,,AS3356,"Level 3 Parent, LLC",
4.8.6.114,United States,,,,,AS3356,"Level 3 Parent, LLC",
64.86.143.83,United Kingdom,,,,,AS6453,TATA COMMUNICATIONS (AMERICA) INC,
66.110.96.63,United States,,,,,AS6453,TATA COMMUNICATIONS (AMERICA) INC,
8.243.188.118,Chile,,,,,AS3356,"Level 3 Parent, LLC",
80.231.154.199,France,,,,,AS6453,TATA COMMUNICATIONS (AMERICA) INC,
80.231.154.26,France,,,,,AS6453,TATA COMMUNICATIONS (AMERICA) INC,
80.231.196.36,France,,,,,AS6453,TATA COMMUNICATIONS (AMERICA) INC,
80.231.245.13,France,,,,,AS6453,TATA COMMUNICATIONS (AMERICA) INC,
80.231.245.41,France,,,,,AS6453,TATA COMMUNICATIONS (AMERICA) INC,
